{
  "pakistan": [
    30.3308401,
    71.247499
  ],
  "iran": [
    32.6475314,
    54.5643516
  ],
  "china, hong kong": [
    22.2792968,
    114.1628907
  ],
  "cambodia": [
    12.5433216,
    104.8144914
  ],
  "india": [
    22.3511148,
    78.6677428
  ],
  "iran, lorestan, doroud": [
    33.4851372,
    49.0626171
  ],
  "niger, niamey, front of the parliament building": null,
  "iran, khuzestan, izeh": [
    31.8771713,
    49.806825
  ],
  "iran, tehran, between enqelab square and mosadeq square": null,
  "iran, mashhad": [
    36.2974945,
    59.6059232
  ],
  "india, haryana, gurgaon, huda gymkhana club": [
    28.4667788,
    77.0618348
  ],
  "zimbabwe, bulawayo": [
    -20.1560599,
    28.5887063
  ],
  "iran, tuyserkan": [
    34.5478858,
    48.4478184
  ],
  "china, hong kong, hong kong, civic square": [
    22.3043191,
    114.1611713
  ],
  "iran, tehran": [
    35.6892523,
    51.3896004
  ],
  "hong kong, kowloon, harbourfront": [
    22.3031754,
    114.1926641
  ],
  "india, rajasthan": [
    26.8105777,
    73.7684549
  ],
  "hong kong, hong kong, government headquarters": [
    22.2967992,
    113.9090107
  ],
  "hong kong, hong kong, civic square": [
    22.3043191,
    114.1611713
  ],
  "nigeria, rivers": [
    4.8416028,
    6.8604088
  ],
  "democratic republic of congo, kinshasa": null,
  "iran, tehran, tehran university": [
    35.7052672,
    51.3982903
  ],
  "democratic republic of the congo, kinshasa": [
    -4.32171,
    15.3122511
  ],
  "congo": [
    -2.9814344,
    23.8222636
  ],
  "yemen, ta'iz": [
    13.5931831,
    44.0371261
  ],
  "zimbabwe, karoi, mine": null,
  "pakistan, khyber pakhtunkhwa, balakot": [
    35.3237452,
    72.6051428
  ],
  "hong kong": [
    22.3492155,
    114.1857978
  ],
  "pakistan, islamabad": [
    33.6938118,
    73.0651511
  ],
  "iran, dorud": [
    33.4992998,
    49.0529575
  ],
  "nigeria": [
    9.6000359,
    7.9999721
  ],
  "democratic republic of the congo": [
    -2.9814344,
    23.8222636
  ],
  "iran, najafabad": [
    32.6350743,
    51.3636804
  ],
  "iran, mashhad, shohadah square": null,
  "india, jammu and kashmir": [
    33.6649297,
    75.1629584
  ],
  "pakistan, punjab, lahore": [
    31.5656822,
    74.3141829
  ],
  "kenya": [
    1.4419683,
    38.4313975
  ],
  "united kingdom, england, birmingham, edgbaston": [
    52.4709941,
    -1.9225861
  ],
  "democratic republic of congo, kinshasa, paroisse saint michel catholic church": null,
  "togo, lom\u00e9": [
    6.130419,
    1.215829
  ],
  "new zealand, northland, warkworth rodeo": null,
  "india, karnataka, bengaluru": [
    12.9767936,
    77.590082
  ],
  "zimbabwe, karoi, zimbabwe german graphite mine": null,
  "democratic republic of the congo, kinshasa, kinshasa, matete district": null,
  "iran, lorestan": [
    33.5858334,
    48.2395222
  ],
  "democratic republic of congo, kinshasa, churches across the country": null,
  "iran, kermanshah": [
    34.3789744,
    46.7010122
  ],
  "india, odisha, kendrapara, satabhaya": null,
  "congo, kinshasa": [
    -4.3196982,
    15.3424196
  ],
  "iran, tehran, enghelab square": [
    35.6586224,
    51.3321474
  ],
  "united kingdom, london, outside the iranian embassy": null,
  "iran, isfahan, najafabad": [
    32.6350743,
    51.3636804
  ],
  "india, jammu and kashmir, kashmir, lethpora": [
    33.9690946,
    74.9923752
  ],
  "bangladesh": [
    24.4769288,
    90.2934413
  ],
  "india, kerala, thiruvananthapuram": [
    8.4882267,
    76.947551
  ],
  "india, uttar pradesh, muzaffarnagar, purbaliyan village": null,
  "india, jammu and kashmir, srinagar": [
    34.0747444,
    74.8204443
  ],
  "iran, lorestan, dorud": [
    33.4992998,
    49.0529575
  ],
  "india, andhra pradesh, visakhapatnam": [
    17.6935526,
    83.2921297
  ],
  "iran, tehran, university of tehran": [
    35.704584,
    51.394761
  ],
  "iran, khuzestan province": [
    31.5563051,
    49.0058885
  ],
  "morocco, jerada": [
    34.310531,
    -2.159979
  ],
  "saudi arabia, king faisal hospital, riyadh": null,
  "iran, tehran, engheleb square": null,
  "malaysia": [
    4.5693754,
    102.2656823
  ],
  "nigeria, osun state": [
    7.5484047,
    4.4978307
  ],
  "iran, teheran": [
    35.6892523,
    51.3896004
  ],
  "india, maharashtra, mumbai": [
    19.054999,
    72.8692035
  ],
  "india, maharashtra": [
    19.5670323,
    76.4164557
  ],
  "india, jammu and kashmir, vijaypur": [
    32.5664955,
    75.0172188
  ],
  "india, maharashtra, mumbai, n/a": [
    19.0419654,
    72.8429059
  ],
  "pakistan, karachi": [
    24.8546842,
    67.0207055
  ],
  "india, srinagar, outside legislative assembly": null,
  "india, delhi, new delhi": [
    28.6138954,
    77.2090057
  ],
  "india, maharashtra, mumbai, chembur": [
    19.054818,
    72.8979713
  ],
  "india, jammu and kashmir, jammu": [
    32.7185614,
    74.8580917
  ],
  "saudi arabia": [
    25.6242618,
    42.3528328
  ],
  "india, jammu and kashmir, udhampur, phe complex": null,
  "india, jammu and kashmir, jammu, exhibition ground": [
    32.7250716,
    74.861332
  ],
  "peru, lima, avenida 28 de julio and arequipa": null,
  "india, andhra pradesh, tanuku": [
    16.7529179,
    81.6760463
  ],
  "madagascar": [
    -18.9249604,
    46.4416422
  ],
  "india, mumbai": [
    19.054999,
    72.8692035
  ],
  "iran, mashad": [
    36.2974945,
    59.6059232
  ],
  "united states, north carolina, durham": [
    35.996653,
    -78.9018053
  ],
  "india, kerala": [
    10.3528744,
    76.5120396
  ],
  "iran, isfahan": [
    32.6707877,
    51.6650002
  ],
  "united kingdom": [
    54.7023545,
    -3.2765753
  ],
  "india, malpe, tebma shipyards ltd": null,
  "venezuela": [
    8.0018709,
    -66.1109318
  ],
  "india, telangana, hyderabad": [
    17.360589,
    78.4740613
  ],
  "iran, alborz province": [
    35.9413239,
    50.7884216
  ],
  "india, uttar pradesh, ghaziabad": [
    28.7749966,
    77.4586967
  ],
  "nigeria, osun": [
    7.5484047,
    4.4978307
  ],
  "india, maharashtra, pune, bhima koregaon": null,
  "ghana, northern": [
    9.6600005,
    -0.3943799
  ],
  "india, maharashtra, pune": [
    18.5213738,
    73.8545071
  ],
  "iran, isfahan, qahderijan, near the cultural hub of isfahan city": null,
  "china, hong kong, civic square": [
    22.3043191,
    114.1611713
  ],
  "finland": [
    63.2467777,
    25.9209164
  ],
  "india, tamil nadu, chennai": [
    13.0836939,
    80.270186
  ],
  "india, uttarakhand": [
    30.0417376,
    79.089691
  ],
  "india, karnataka": [
    14.9562045,
    75.7896741
  ],
  "india, tamil nadu": [
    11.3323723,
    78.6098639
  ],
  "iran, khuzestan": [
    31.5563051,
    49.0058885
  ],
  "yemen": [
    16.3471243,
    47.8915271
  ],
  "ukraine, kyiv, police headquarters": null,
  "india, bangalore": [
    12.9767936,
    77.590082
  ],
  "india, new delhi": [
    28.6138954,
    77.2090057
  ],
  "afghanistan, samangan": [
    36.0,
    67.666667
  ],
  "honduras": [
    15.2572432,
    -86.0755145
  ],
  "canada": [
    61.0666922,
    -107.991707
  ],
  "unknown": [
    5.3565834,
    95.4705535
  ],
  "iran, tehran, mashhad": [
    35.6036885,
    52.4750586
  ],
  "iran, tehran, near tehran university": null,
  "india, rajasthan, bundi": [
    25.4367659,
    75.7361471
  ],
  "united states, new york": [
    40.7127281,
    -74.0060152
  ],
  "netherlands, utrecht": [
    52.0907006,
    5.1215634
  ],
  "india, maharashtra, pune, koregaon bhima battle memorial": null,
  "zimbabwe, bulawayo, church service": null,
  "south korea": [
    36.638392,
    127.6961188
  ],
  "india, west bengal, kolkata": [
    22.5726459,
    88.3638953
  ],
  "iran, lorestan province, doroud city": null,
  "nepal, kathmandu, ratnapark": [
    27.7060553,
    85.3173893
  ],
  "india, maharashtra, thane": [
    19.3653598,
    73.3685437
  ],
  "usa, california": [
    36.7014631,
    -118.755997
  ],